<?xml version="1.0" encoding="UTF-8"?>
<product ver="3.0" uuid="e570b133-357b-4b49-b894-600a27a0e826" kind="HDK_BLOOD_SUGAR">
    <!--强生稳豪助手-->
    <manifest image="hw_device_johnson_ultra_vue_icon" name="IDS_device_device_name_johnson_ultra_vue" summary="IDS_device_datasourceactivity_johnson_ultra_vue_blood_glucose_description"/>
    <description>
        <content text="IDS_device_introductionactivity_johnson_blood_glucose_introduction_1" img="hw_device_johnson_glucose_info_1"/>
        <content text="IDS_device_introductionactivity_johnson_blood_glucose_introduction_2" img="hw_device_johnson_glucose_info_2"/>
        <content text="IDS_device_introductionactivity_johnson_blood_glucose_introduction_three" img="hw_device_johnson_glucose_info_3"/>
    </description>
    <guide type="bind">
        <content text="IDS_device_deivce_johnson_guide_prompt_1" img="hw_device_johnson_glucose_guide_1"/>
        <content text="IDS_device_deivce_johnson_guide_prompt_2" img="hw_device_johnson_glucose_guide_2"/>
        <content text="IDS_device_deivce_johnson_guide_prompt_3" img="hw_device_johnson_glucose_guide_3"/>
    </guide>
    <guide type="silent">
        <content text="IDS_device_auto_read_johnson_introductions_1" img="hw_device_auto_read_johnson_introduction_step_1"/>
        <content text="IDS_device_auto_read_johnson_introductions_2" img="hw_device_auto_read_johnson_introduction_step_3"/>
        <content text="IDS_device_auto_read_johnson_introductions_3" img="hw_device_auto_read_johnson_introduction_step_3"/>
    </guide>
    <scan pair="no" mode="BLE" duration="15">
        <filter name="UltraVue" match="FRONT" address=""/>
    </scan>
    <measure kit="bb11c776-c510-415d-ae3d-9a20207bd617" mode="01"/>
    <extra buy_url="" deviceId="34"/>
</product>
