<?xml version="1.0" encoding="UTF-8"?>
<product ver="3.0" uuid="6ab08ad8-753b-4dd9-bf3a-798a0a1d81bf" kind="HDK_WEIGHT">
    <!--有品智能体脂秤 S1/S2-->
    <manifest image="hw_device_picooc_weight_s1_icon" name="IDS_device_device_name_picooc_s1" summary="IDS_device_datasourceactivity_picooc_s1_description"/>
    <description>
        <content text="IDS_device_introductionactivity_picooc_s1_introduction_1" img="hw_device_picooc_weight_s1_info_1"/>
        <content text="IDS_device_introductionactivity_picooc_s1_introduction_2" img="hw_device_picooc_weight_s1_info_2"/>
    </description>
    <guide type="measure">
        <content text="IDS_device_measure_weight_prompt_msg_2" img="hw_device_picooc_s1_measure_guide_3"/>
        <content text="IDS_device_measure_weight_prompt_msg_2" img="hw_device_picooc_s1_measure_guide_4"/>
    </guide>
    <scan pair="no" mode="BLE" duration="15">
        <filter name="Latin-S" match="STRICT" address=""/>
    </scan>
    <measure kit="8ca2c3a7-0db5-4b42-908b-922f157d8c87" mode="10"/>
    <extra buy_url="" deviceId="27"/>
</product>
