<?xml version="1.0" encoding="UTF-8"?>
<product ver="3.0" uuid="c647e381-165c-44d2-8e7b-6339c7904fde" kind="HDK_BLOOD_PRESSURE">
    <!--鱼跃血压计-->
    <manifest image="hw_device_yuwell_icon" name="IDS_device_device_name_yuyue_blp" summary="IDS_device_device_yuwell_title"/>
    <description>
        <content text="IDS_device_yuwell_text_1" img="hw_device_yuwell_introduction_1"/>
        <content text="IDS_device_yuwell_text_2" img="hw_device_yuwell_introduction_2"/>
        <content text="IDS_device_yuwell_text_3" img="hw_device_yuwell_introduction_3"/>
        <content text="IDS_device_yuwell_text_4" img="hw_device_yuwell_introduction_4"/>
    </description>
    <guide type="bind">
        <content text="IDS_device_deivce_yuwell_bind_guide" img="hw_device_yuwell_bind_guide"/>
    </guide>
    <guide type="measure">
        <content text="IDS_device_measure_pressure_guide_prompt" img="hw_device_kangkang_ccpba01_measure_guide_1"/>
        <content text="IDS_device_measure_pressure_guide_prompt" img="hw_device_kangkang_ccpba01_measure_guide_2"/>
        <content text="IDS_device_measure_pressure_guide_prompt" img="hw_device_kangkang_ccpba01_measure_guide_3"/>
    </guide>
    <guide type="silent">
        <content text="IDS_device_auto_read_yuwell_introductions_1" img="hw_device_auto_read_yuwell_introduction_step_1"/>
        <content text="IDS_device_auto_read_omron_introductions_2" img="hw_device_auto_read_yuwell_introduction_step_2"/>
        <content text="IDS_device_auto_read_omron_introductions_4" img=""/>
    </guide>
    <scan pair="no" mode="BLE" duration="15">
        <filter name="Yuwell BP-YE680A" match="STRICT" address=""/>
    </scan>
    <measure kit="7972de7d-de18-4d1a-b043-6f3936fe8e01" mode="11"/>
    <extra buy_url="https://huaweim.miaomore.com/#/productdetail/455" deviceId="54"/>
</product>
