<?xml version="1.0" encoding="UTF-8"?>
<product ver="2.0" uuid="6d5416d9-2167-41df-ab10-c492e152b44f" kind="HDK_HEART_RATE">
    <!--荣耀有线心率耳机-->
    <manifest image="hw_am16_fest_2" name="IDS_DEVICE_HONOUR_WIRED_830_41" summary="IDS_DEVICE_HEART_RATE_C_943_467"/>
    <description>
        <content text="IDS_DEVICE_ERGONOMIC_SH_2260_334" img="hw_am16_desc_1"/>
        <content text="IDS_DEVICE_USING_CSR_CH_2260_500" img="hw_am16_desc_2"/>
    </description>
    <scan pair="no" mode="NO_BLE" duration="15">
        <filter name="GOODIX_AM16" match="FRONT" address=""/>
    </scan>
    <measure kit="54C9739F-CA5C-4347-9F00-75B9DDF2C649" mode="10" entry="libs/am16.dex:com.goodix.libam16.hihealth.GoodixMeasureKit"/>
    <extra buy_url="https://www.vmall.com/list-229" deviceId="75"/>
</product>
