<?xml version="1.0" encoding="UTF-8"?>
<product ver="3.0" uuid="9bf158ba-49b0-46aa-9fdf-ed75da1569cf" kind="HDK_BLOOD_SUGAR">
    <!--糖护士手机血糖仪-->
    <manifest image="hw_device_dnurse_glucose_icon" name="IDS_device_device_name_dnurse" summary="IDS_device_datasourceactivity_dnurse_description"/>
    <description>
        <content text="IDS_device_introductionactivity_dnurse_1" img="hw_device_dnurse_glucose_info_1"/>
        <content text="IDS_device_introductionactivity_dnurse_2" img="hw_device_dnurse_glucose_info_2"/>
        <content text="IDS_device_introductionactivity_dnurse_3" img="hw_device_dnurse_glucose_info_3"/>
    </description>
    <scan pair="no" mode="AUDIO" duration="3">
        <filter name="DnurseGlucose" match="FRONT" address=""/>
    </scan>
    <measure kit="DnurseGlucose" mode="10"/>
    <extra buy_url="https://huaweim.miaomore.com/#/productdetail/451" deviceId="28"/>
</product>
