<?xml version="1.0" encoding="UTF-8"?>
<product ver="1.1" uuid="34fa0346-d46c-439d-9cb0-2f696618846b" kind="HDK_WEIGHT">
    <!--华为智能体脂秤-->
    <manifest image="hw_ch18_fest_2" name="IDS_DEVICE_HUAWEI_BODY__721_41" summary="IDS_DEVICE_ACCURATE_MEA_1545_467" company="huawei"/>
    <description>
        <content text="IDS_DEVICE_ACCURATE_MEA_1029_334" img="hw_ch18_desc_1"/>
        <content text="IDS_DEVICE_SIMPLE_AND_S_415_500" img="hw_ch18_desc_2"/>
        <content text="IDS_DEVICE_HIDDEN_LED_610_169" img="hw_ch18_desc_3"/>
    </description>
    <guide type="bind">
        <content text="IDS_DEVICE_STAND_ON_THE_1453_724" img="hw_ch18_bind_1"/>
    </guide>
    <guide type="measure">
        <content text="IDS_DEVICE_PLEASE_STEP__529_478" img="hw_ch18_measure_1"/>
        <content text="IDS_DEVICE_PLEASE_STEP__529_358" img="hw_ch18_measure_2"/>
    </guide>
    <scan pair="no" mode="BLE" duration="15">
        <filter name="CH18" match="FRONT" address=""/>
    </scan>
    <measure kit="24e9c24f-4f59-464e-9cf1-1ce81335907c" mode="10"/>
    <extra buy_url="https://mlhwm.miaohealth.net/#/productdetail/100420070005" deviceId="57"/>
</product>
