<?xml version="1.0" encoding="UTF-8"?>
<product ver="3.0" uuid="7a1063dd-0e0f-4a72-9939-461476ff0259" kind="HDK_WEIGHT">
    <!--荣耀体脂秤-->
    <manifest image="hw_device_honor_scale_weight_icon" name="IDS_device_device_name_honor_scale" summary="IDS_device_datasourceactivity_honor_scale_description" company="honor"/>
    <description>
        <content text="IDS_device_introductionactivity_honor_scale_introduction_1" img="hw_device_honor_scale_weight_info_1"/>
        <content text="IDS_device_introductionactivity_honor_scale_introduction_2" img="hw_device_honor_scale_weight_info_2"/>
        <content text="IDS_device_introductionactivity_honor_scale_introduction_3" img="hw_device_honor_scale_weight_info_3"/>
    </description>
    <guide type="bind">
        <content text="IDS_device_device_yolanda_bind_guide" img="hw_device_honor_scale_bind_guide"/>
    </guide>
    <guide type="measure">
        <content text="IDS_device_measure_weight_prompt_msg_2" img="hw_device_picooc_s1_measure_guide_3"/>
        <content text="IDS_device_measure_weight_prompt_msg_2" img="hw_device_picooc_s1_measure_guide_4"/>
    </guide>
    <guide type="silent">
        <content text="IDS_device_auto_read_yolanda_introduction_1" img="hw_device_auto_read_honor_scale_introduction"/>
        <content text="IDS_device_auto_read_honor_scale_introduction_2" img=""/>
    </guide>
    <scan pair="no" mode="BLE" duration="15">
        <filter name="AH100" match="INCLUSIVE" address=""/>
    </scan>
    <measure kit="c26e8aaf-c375-4640-958a-7276b3b0b6cb" mode="10"/>
    <extra buy_url="https://huaweim.miaomore.com/#/productdetail/514" deviceId="48"/>
</product>
