<?xml version="1.0" encoding="UTF-8"?>
<product ver="1.2" uuid="ccd1f0f8-8c57-4bd7-a884-0ef38482f15f" kind="HDK_WEIGHT">
    <!--荣耀体脂秤-->
    <manifest image="hw_ah100_fest_2" name="IDS_device_honor_smart_scale_name" summary="IDS_device_datasourceactivity_honor_scale_description" company="honor"/>
    <description>
        <content text="IDS_device_honor_smart_scale_description_1" img="hw_ah100_desc_1"/>
        <content text="IDS_device_introductionactivity_honor_scale_introduction_2" img="hw_ah100_desc_2"/>
        <content text="IDS_device_introductionactivity_honor_scale_introduction_3" img="hw_ah100_desc_3"/>
    </description>
    <guide type="bind">
        <content text="IDS_device_body_fat_scale_bind_guide" img="hw_ah100_bind_1"/>
    </guide>
    <guide type="measure">
        <content text="IDS_device_measure_weight_prompt_msg_2" img="hw_ah100_measure_1"/>
        <content text="IDS_device_measure_weight_prompt_msg_2" img="hw_ah100_measure_2"/>
    </guide>
    <scan pair="no" mode="BLE" duration="15">
        <filter name="CH100S" match="STRICT" address=""/>
    </scan>
    <measure kit="24e9c24f-4f59-464e-9cf1-1ce81335907c" mode="10"/>
    <extra buy_url="" deviceId="48"/>
</product>
