<?xml version="1.0" encoding="UTF-8"?>
<product ver="3.0" uuid="f83a5e21-3686-42f8-9a13-7296172a7ced" kind="HDK_HEART_RATE">
    <!--捷波朗运动蓝牙耳机-->
    <manifest image="heart_rate_jabra01_icon" name="IDS_device_device_name_jabra_pulse" summary="IDS_device_device_name_jabra_pulse_title"/>
    <description>
        <content text="IDS_device_introductionactivity_jabra_pulse_1" img="heart_rate_jabra02_icon"/>
        <content text="IDS_device_introductionactivity_jabra_pulse_2" img="heart_rate_jabra03_icon"/>
        <content text="IDS_device_introductionactivity_jabra_pulse_3" img="heart_rate_jabra04_icon"/>
    </description>
    <guide type="bind">
        <content text="IDS_device_deivce_jabra_bind_guide" img="hw_device_jabra_bind_guide"/>
    </guide>
    <scan pair="no" mode="CLASSIC" duration="15">
        <filter name="Jabra PULSE" match="FRONT" address=""/>
    </scan>
    <measure kit="74e12d04-cf14-4ce8-9e42-7a085f79b708" mode="10"/>
    <extra buy_url="https://huaweim.miaomore.com/#/productdetail/444" deviceId="52"/>
</product>
