<?xml version="1.0" encoding="UTF-8"?>
<product ver="3.0" uuid="54af062d-b049-4880-beda-f0cbe64e9205" kind="HDK_BLOOD_PRESSURE">
    <!--木木无线智能血压计-->
    <manifest image="hw_device_mumu_bp2_icon" name="IDS_device_device_name_mumu_blood_pressure" summary="IDS_device_datasourceactivity_mumu_blood_pressure_description"/>
    <description>
        <content text="IDS_device_introductionactivity_mumu_blood_pressure_1" img="hw_device_mumu_bp2_info_1"/>
        <content text="IDS_device_introductionactivity_mumu_blood_pressure_2" img="hw_device_mumu_bp2_info_2"/>
        <content text="IDS_device_introductionactivity_mumu_blood_pressure_3" img="hw_device_mumu_bp2_info_3"/>
    </description>
    <guide type="measure">
        <content text="IDS_device_measure_pressure_guide_prompt" img="hw_device_mumu_bp2_measure_guide_1"/>
        <content text="IDS_device_measure_pressure_guide_prompt" img="hw_device_mumu_bp2_measure_guide_2"/>
        <content text="IDS_device_measure_pressure_guide_prompt" img="hw_device_mumu_bp2_measure_guide_3"/>
        <content text="IDS_device_measure_pressure_guide_prompt" img="hw_device_mumu_bp2_measure_guide_4"/>
    </guide>
    <scan pair="no" mode="BLE" duration="15">
        <filter name="MUMU-BLE-BP" match="FRONT" address=""/>
    </scan>
    <measure kit="5e5a6d06-a7f5-433c-adcc-26713447b839" mode="10"/>
    <extra buy_url="" deviceId="25"/>
</product>
