<?xml version="1.0" encoding="UTF-8"?>
<product ver="3.0" uuid="578d0675-cece-4426-bf28-43ce31eb7b5d" kind="HDK_WEIGHT">
    <!--云康宝智能体脂秤-->
    <manifest image="hw_device_yolanda_weight_icon" name="IDS_device_device_name_yolanda" summary="IDS_device_datasourceactivity_yolanda_description"/>
    <description>
        <content text="IDS_device_introductionactivity_yolanda_introduction_1" img="hw_device_yolanda_weight_info_1"/>
        <content text="IDS_device_introductionactivity_yolanda_introduction_2" img="hw_device_yolanda_weight_info_2"/>
        <content text="IDS_device_introductionactivity_yolanda_introduction_3" img="hw_device_yolanda_weight_info_3"/>
    </description>
    <guide type="bind">
        <content text="IDS_device_device_yolanda_bind_guide" img="hw_device_yolanda_bind_guide"/>
    </guide>
    <guide type="measure">
        <content text="IDS_device_measure_weight_prompt_msg_2" img="hw_device_picooc_s1_measure_guide_3"/>
        <content text="IDS_device_measure_weight_prompt_msg_2" img="hw_device_picooc_s1_measure_guide_4"/>
    </guide>
    <guide type="silent">
        <content text="IDS_device_auto_read_yolanda_introduction_1" img="hw_device_auto_read_yolanda_introduction"/>
        <content text="IDS_device_auto_read_yolanda_introduction_2" img=""/>
        <content text="IDS_device_auto_read_yolanda_introduction_3" img=""/>
    </guide>
    <scan pair="no" mode="BLE" duration="15">
        <filter name="QN" match="FRONT" address=""/>
    </scan>
    <measure kit="c26e8aaf-c375-4640-958a-7276b3b0b6cb" mode="10"/>
    <extra buy_url="https://huaweim.miaomore.com/#/productdetail/456" deviceId="56"/>
</product>
