<?xml version="1.0" encoding="UTF-8"?>
<product ver="3.0" uuid="79da9d7e-561c-4e14-8a6b-b1d5dc07198a" kind="HDK_HEART_RATE">
    <!--Suunto 颂拓蓝牙心率带-->
    <manifest image="suunto_icon" name="IDS_device_name_suunto" summary="IDS_device_summary_suunto"/>
    <description>
        <content text="IDS_device_introductionactivity_suunto_introduction_1" img="heart_rate_suunto_info_1"/>
        <content text="IDS_device_introductionactivity_suunto_introduction_2" img="heart_rate_suunto_info_2"/>
    </description>
    <scan pair="no" mode="BLE" duration="15">
        <filter name="Suunto" match="FRONT" address=""/>
    </scan>
    <measure kit="74e12d04-cf14-4ce8-9e42-7a085f79b708" mode="10"/>
    <extra buy_url="https://huaweim.miaomore.com/#/productdetail/448" deviceId="1"/>
</product>
