<?xml version="1.0" encoding="UTF-8"?>
<product ver="3.0" uuid="9323f6b7-b459-44f4-a698-988d1769832a" kind="HDK_HEART_RATE">
    <!--荣耀手表 S1-->
    <manifest image="metis_icon" name="IDS_device_name_metis" summary="IDS_device_summary_metis"/>
    <description>
        <content text="IDS_device_introductionactivity_metis_introduction_1" img="heart_rate_metis_info_1"/>
        <content text="IDS_device_introductionactivity_metis_introduction_2" img="heart_rate_metis_info_2"/>
    </description>
    <scan pair="no" mode="BLE" duration="15">
        <filter name="honor watch S1;hw-metis-;HUAWEI FIT" match="FRONT" address=""/>
    </scan>
    <measure kit="74e12d04-cf14-4ce8-9e42-7a085f79b708" mode="10"/>
    <extra buy_url="https://huaweim.miaomore.com/#/productdetail/461" deviceId="41"/>
</product>
