<?xml version="1.0" encoding="UTF-8"?>
<product ver="3.0" uuid="fe33600f-dbb2-4382-9417-21ab8eeb6e42" kind="HDK_HEART_RATE">
    <!--Polar H7 蓝牙心率胸带-->
    <manifest image="heart_rate_polar01_icon" name="IDS_device_device_name_polar_pulse" summary="IDS_device_device_name_polar_pulse_title"/>
    <description>
        <content text="IDS_device_introductionactivity_polar_pulse_1" img="heart_rate_polar02_info"/>
        <content text="IDS_device_introductionactivity_polar_pulse_2" img="heart_rate_polar03_info"/>
        <content text="IDS_device_introductionactivity_polar_pulse_3" img="heart_rate_polar04_info"/>
    </description>
    <scan pair="no" mode="BLE" duration="15">
        <filter name="Polar H7" match="FRONT" address=""/>
    </scan>
    <measure kit="74e12d04-cf14-4ce8-9e42-7a085f79b708" mode="10"/>
    <extra buy_url="https://huaweim.miaomore.com/#/productdetail/464" deviceId="53"/>
</product>
