<?xml version="1.0" encoding="UTF-8"?>
<product ver="3.0" uuid="825c82bd-84fe-44a0-9884-6a764bd73183" kind="HDK_BLOOD_PRESSURE">
    <!--欧姆龙电子血压计 HEM-7081-IT-->
    <manifest image="hw_device_omron_pressure_hem_7081_it_icon" name="IDS_device_device_name_omron_blood_pressure" summary="IDS_device_datasourceactivity_omron_blood_pressure_description"/>
    <description>
        <content text="IDS_device_introductionactivity_omron_blood_pressure_introduction_1" img="hw_device_omron_pressure_hem_7081_it_info_1"/>
        <content text="IDS_device_introductionactivity_omron_blood_pressure_introduction_2" img="hw_device_omron_pressure_hem_7081_it_info_2"/>
        <content text="IDS_device_introductionactivity_omron_blood_pressure_introduction_3" img="hw_device_omron_pressure_hem_7081_it_info_3"/>
        <content text="IDS_device_introductionactivity_omron_blood_pressure_introduction_4" img="hw_device_omron_pressure_hem_7081_it_info_4"/>
    </description>
    <guide type="bind">
        <content text="IDS_device_omron_hem_7081_it_common_operate_guide_prompt" img="hw_device_omron_pressure_hem_7081_it_operate_guide_1"/>
        <content text="IDS_device_omron_hem_7081_it_pair_guide_prompt" img="hw_device_omron_pressure_hem_7081_it_operate_guide_2"/>
    </guide>
    <guide type="silent">
        <content text="IDS_device_auto_read_omron_introductions_1" img="hw_device_auto_read_omron_introduction_step_1"/>
        <content text="IDS_device_auto_read_omron_introductions_2" img="hw_device_auto_read_omron_introduction_step_2"/>
        <content text="IDS_device_auto_read_omron_introductions_3" img="hw_device_auto_read_omron_introduction_step_3"/>
        <content text="IDS_device_auto_read_omron_introductions_4" img=""/>
    </guide>
    <scan pair="no" mode="CLASSIC" duration="15">
        <filter name="HEM-7081-IT" match="FRONT" address=""/>
    </scan>
    <measure kit="3ee66bc2-2306-4ce1-a697-952e85aa5e68" mode="01"/>
    <extra buy_url="" deviceId="33"/>
</product>
