<?xml version="1.0" encoding="UTF-8"?>
<product ver="3.0" uuid="408553b8-0535-4561-8dbf-55c2bbd61b77" kind="HDK_BLOOD_PRESSURE">
    <!--欧姆龙智能蓝牙血压计-->
    <manifest image="omron9200_icon" name="IDS_device_name_omron9200" summary="IDS_device_summary_omron9200"/>
    <description>
        <content text="IDS_device_omron9200_text_1" img="hw_device_omron9200_introduction_1"/>
        <content text="IDS_device_omron9200_text_2" img="hw_device_omron9200_introduction_2"/>
        <content text="IDS_device_omron9200_text_3" img="hw_device_omron9200_introduction_3"/>
    </description>
    <guide type="bind">
        <content text="IDS_device_guid_omron9200_text_1" img="hw_device_guid_omron9200_img_1"/>
        <content text="IDS_device_guid_omron9200_text_1" img="hw_device_guid_omron9200_img_2"/>
        <content text="IDS_device_guid_omron9200_text_2" img="hw_device_guid_omron9200_img_3"/>
        <content text="IDS_device_guid_omron9200_text_3" img="hw_device_guid_omron9200_img_4"/>
    </guide>
    <guide type="measure">
        <content text="IDS_device_measure_pressure_guide_prompt" img="hw_device_kangkang_ccpba01_measure_guide_1"/>
        <content text="IDS_device_measure_pressure_guide_prompt" img="hw_device_kangkang_ccpba01_measure_guide_2"/>
        <content text="IDS_device_measure_pressure_guide_prompt" img="hw_device_kangkang_ccpba01_measure_guide_3"/>
        <content text="IDS_device_measure_pressure_guide_prompt" img="hw_device_kangkang_ccpba01_measure_guide_4"/>
    </guide>
    <guide type="silent">
        <content text="IDS_device_omron9200_silent_guid_text_1" img=""/>
        <content text="IDS_device_omron9200_silent_guid_text_2" img="hw_device_auto_omron9200_img_1"/>
        <content text="IDS_device_auto_read_omron_introductions_4" img="hw_device_auto_omron9200_img_2"/>
    </guide>
    <scan pair="yes" mode="BLE" duration="15">
        <filter name="BLEsmart" match="FRONT" address=""/>
    </scan>
    <measure kit="7972de7d-de18-4d1a-b043-6f3936fe8e01" mode="01"/>
    <extra buy_url="https://huaweim.miaomore.com/#/productdetail/446" deviceId="33"/>
</product>
