<?xml version="1.0" encoding="UTF-8"?>
<product ver="3.0" uuid="9684a253-0fb5-4560-8fa3-b925163f8b67" kind="HDK_WEIGHT">
    <!--有品智能体脂秤 S1 pro-->
    <manifest image="hw_plugindevice_picooc_s1pro_icon" name="IDS_device_device_name_picooc_s1pro" summary="IDS_device_datasourceactivity_picooc_s1pro_description"/>
    <description>
        <content text="IDS_device_introductionactivity_picooc_s1pro_introduction_1" img="hw_plugindevice_picooc_s1pro_info_1"/>
        <content text="IDS_device_introductionactivity_picooc_s1pro_introduction_2" img="hw_plugindevice_picooc_s1pro_info_2"/>
        <content text="IDS_device_introductionactivity_picooc_s1pro_introduction_3" img="hw_plugindevice_picooc_s1pro_info_3"/>
    </description>
    <guide type="measure">
        <content text="IDS_device_measure_weight_prompt_msg_2" img="hw_device_picooc_s1_measure_guide_3"/>
        <content text="IDS_device_measure_weight_prompt_msg_2" img="hw_device_picooc_s1_measure_guide_4"/>
    </guide>
    <scan pair="no" mode="BLE" duration="15">
        <filter name="PICOOC-CC" match="STRICT" address=""/>
    </scan>
    <measure kit="8ca2c3a7-0db5-4b42-908b-922f157d8c87" mode="10"/>
    <extra buy_url="https://huaweim.miaomore.com/#/productdetail/453" deviceId="55"/>
</product>
