<?xml version="1.0" encoding="UTF-8"?>
<product ver="3.0" uuid="4ff7df35-c532-4247-ab42-12b260917bc0" kind="HDK_BLOOD_PRESSURE">
    <!--康康移动智能血压计-->
    <manifest image="hw_device_kangkang_ccpba01_icon" name="IDS_device_device_name_kangkang_blood_pressure" summary="IDS_device_datasourceactivity_kangkang_blood_pressure_description"/>
    <description>
        <content text="IDS_device_introductionactivity_kangkang_blood_pressure_1" img="hw_device_kangkang_ccpba01_info_1"/>
        <content text="IDS_device_introductionactivity_kangkang_blood_pressure_2" img="hw_device_kangkang_ccpba01_info_2"/>
        <content text="IDS_device_introductionactivity_kangkang_blood_pressure_3" img="hw_device_kangkang_ccpba01_info_3"/>
    </description>
    <guide type="measure">
        <content text="IDS_device_measure_pressure_guide_prompt" img="hw_device_kangkang_ccpba01_measure_guide_1"/>
        <content text="IDS_device_measure_pressure_guide_prompt" img="hw_device_kangkang_ccpba01_measure_guide_2"/>
        <content text="IDS_device_measure_pressure_guide_prompt" img="hw_device_kangkang_ccpba01_measure_guide_3"/>
        <content text="IDS_device_measure_pressure_guide_prompt" img="hw_device_kangkang_ccpba01_measure_guide_4"/>
    </guide>
    <scan pair="no" mode="BLE" duration="15">
        <filter name="YMETECH" match="FRONT" address=""/>
    </scan>
    <measure kit="cf6b65f7-ccea-4cbd-bd7f-246795c55bd7" mode="10"/>
    <extra buy_url="" deviceId="24"/>
</product>
