<?xml version="1.0" encoding="UTF-8"?>
<product ver="1.0" uuid="e4b0b1d5-2003-4d88-8b5f-c4f64542040b" kind="HDK_WEIGHT">
    <!--华为智能体脂秤2 AI版-->
    <manifest image="hw_huawei-smartweight-air_fest_2" name="IDS_device_wifi_scale_name" summary="IDS_device_wifi_scale_summary" company="huawei"/>
    <description>
        <content text="IDS_device_wifi_scale_description_1" img="hw_huawei_smarthweight_info_1"/>
        <content text="IDS_device_wifi_scale_description_2" img="hw_huawei_smarthweight_info_2"/>
        <content text="IDS_device_wifi_scale_description_3" img="hw_huawei_smarthweight_info_3"/>
    </description>
    <guide type="bind">
        <content text="IDS_device_wifi_scale_guide_1" img="hw_huawei-smartweight-air_bind_1"/>
        <content text="IDS_device_wifi_scale_guide_2" img="hw_huawei-smartweight-air_bind_2"/>
    </guide>
    <guide type="measure">
        <content text="IDS_device_wifi_scale_measure_guide_msg" img="hw_huawei_smarthweight_meausre_guide_1"/>
        <content text="IDS_device_wifi_scale_measure_guide_msg" img="hw_huawei_smarthweight_meausre_guide_2"/>
    </guide>
    <scan pair="no" mode="WIFI" duration="15">
        <filter name="1808;117K" match="STRICT" address=""/>
    </scan>
    <measure kit="99c984f8-bf6a-4907-a9e3-d64098a9c495" mode="01"/>
    <extra buy_url="https://m.vmall.com" deviceId="82"/>
</product>
