<?xml version="1.0" encoding="UTF-8"?>
<product ver="1.2" uuid="33123f39-7fc1-420b-9882-a4b0d6c61100" kind="HDK_WEIGHT">
    <!--华为体脂秤-->
    <manifest image="hw_ch18_fest_2" name="IDS_device_huawei_body_fat_scale_name" summary="IDS_device_datasourceactivity_honor_scale_description" company="huawei"/>
    <description>
        <content text="IDS_device_huawei_body_fat_scale_description_1" img="hw_ch18_desc_1"/>
        <content text="IDS_device_huawei_body_fat_scale_description_2" img="hw_ch18_desc_2"/>
        <content text="IDS_device_huawei_body_fat_scale_description_3" img="hw_ch18_desc_3"/>
    </description>
    <guide type="bind">
        <content text="IDS_device_body_fat_scale_bind_guide" img="hw_ch18_bind_1"/>
    </guide>
    <guide type="measure">
        <content text="IDS_device_measure_weight_prompt_msg_2" img="hw_ch18_measure_1"/>
        <content text="IDS_device_measure_weight_prompt_msg_2" img="hw_ch18_measure_2"/>
    </guide>
    <scan pair="no" mode="BLE" duration="15">
        <filter name="CH100" match="STRICT" address=""/>
    </scan>
    <measure kit="24e9c24f-4f59-464e-9cf1-1ce81335907c" mode="10"/>
    <extra buy_url="" deviceId="57"/>
</product>
